-- MySQL dump 10.13  Distrib 8.0.30, for Win64 (x86_64)
--
-- Host: localhost    Database: drawtivity_db
-- ------------------------------------------------------
-- Server version	8.0.30

/*!40101 SET @OLD_CHARACTER_SET_CLIENT=@@CHARACTER_SET_CLIENT */;
/*!40101 SET @OLD_CHARACTER_SET_RESULTS=@@CHARACTER_SET_RESULTS */;
/*!40101 SET @OLD_COLLATION_CONNECTION=@@COLLATION_CONNECTION */;
/*!50503 SET NAMES utf8 */;
/*!40103 SET @OLD_TIME_ZONE=@@TIME_ZONE */;
/*!40103 SET TIME_ZONE='+00:00' */;
/*!40014 SET @OLD_UNIQUE_CHECKS=@@UNIQUE_CHECKS, UNIQUE_CHECKS=0 */;
/*!40014 SET @OLD_FOREIGN_KEY_CHECKS=@@FOREIGN_KEY_CHECKS, FOREIGN_KEY_CHECKS=0 */;
/*!40101 SET @OLD_SQL_MODE=@@SQL_MODE, SQL_MODE='NO_AUTO_VALUE_ON_ZERO' */;
/*!40111 SET @OLD_SQL_NOTES=@@SQL_NOTES, SQL_NOTES=0 */;

--
-- Table structure for table `points`
--

DROP TABLE IF EXISTS `points`;
/*!40101 SET @saved_cs_client     = @@character_set_client */;
/*!50503 SET character_set_client = utf8mb4 */;
CREATE TABLE `points` (
  `point_id` int NOT NULL AUTO_INCREMENT,
  `task_id` int NOT NULL,
  `x` float DEFAULT NULL,
  `y` float DEFAULT NULL,
  PRIMARY KEY (`point_id`),
  KEY `task_id_idx` (`task_id`),
  CONSTRAINT `task_id` FOREIGN KEY (`task_id`) REFERENCES `tasks` (`task_id`)
) ENGINE=InnoDB AUTO_INCREMENT=20 DEFAULT CHARSET=utf8mb4 COLLATE=utf8mb4_0900_ai_ci;
/*!40101 SET character_set_client = @saved_cs_client */;

--
-- Dumping data for table `points`
--

LOCK TABLES `points` WRITE;
/*!40000 ALTER TABLE `points` DISABLE KEYS */;
INSERT INTO `points` VALUES (1,2,12.3,12.3),(2,8,10,10),(3,8,15,15),(4,8,20,20),(5,8,25,25),(6,8,10,10),(7,8,15,15),(8,8,20,20),(9,8,25,25),(14,12,10,10),(15,12,15,15),(18,9,20,20),(19,9,25,25);
/*!40000 ALTER TABLE `points` ENABLE KEYS */;
UNLOCK TABLES;

--
-- Table structure for table `roles`
--

DROP TABLE IF EXISTS `roles`;
/*!40101 SET @saved_cs_client     = @@character_set_client */;
/*!50503 SET character_set_client = utf8mb4 */;
CREATE TABLE `roles` (
  `role_id` int NOT NULL AUTO_INCREMENT,
  `name` varchar(45) NOT NULL,
  PRIMARY KEY (`role_id`)
) ENGINE=InnoDB AUTO_INCREMENT=3 DEFAULT CHARSET=utf8mb4 COLLATE=utf8mb4_0900_ai_ci;
/*!40101 SET character_set_client = @saved_cs_client */;

--
-- Dumping data for table `roles`
--

LOCK TABLES `roles` WRITE;
/*!40000 ALTER TABLE `roles` DISABLE KEYS */;
INSERT INTO `roles` VALUES (1,'ROLE_USER'),(2,'ROLE_ADMIN');
/*!40000 ALTER TABLE `roles` ENABLE KEYS */;
UNLOCK TABLES;

--
-- Table structure for table `tasks`
--

DROP TABLE IF EXISTS `tasks`;
/*!40101 SET @saved_cs_client     = @@character_set_client */;
/*!50503 SET character_set_client = utf8mb4 */;
CREATE TABLE `tasks` (
  `task_id` int NOT NULL AUTO_INCREMENT,
  `owner_id` int DEFAULT NULL,
  `title` varchar(45) NOT NULL,
  `description` varchar(45) NOT NULL,
  `category` varchar(45) NOT NULL,
  `type` varchar(45) NOT NULL,
  `img_url` varchar(45) NOT NULL,
  `deviation` float NOT NULL,
  PRIMARY KEY (`task_id`),
  KEY `idx_tasks_task_id` (`task_id`),
  KEY `owner_id_idx` (`owner_id`),
  CONSTRAINT `owner_id` FOREIGN KEY (`owner_id`) REFERENCES `users` (`user_id`) ON DELETE CASCADE ON UPDATE CASCADE
) ENGINE=InnoDB AUTO_INCREMENT=13 DEFAULT CHARSET=utf8mb4 COLLATE=utf8mb4_0900_ai_ci;
/*!40101 SET character_set_client = @saved_cs_client */;

--
-- Dumping data for table `tasks`
--

LOCK TABLES `tasks` WRITE;
/*!40000 ALTER TABLE `tasks` DISABLE KEYS */;
INSERT INTO `tasks` VALUES (1,2,'test','test','test','test','test',13.2),(2,2,'test1','test1','test1','test1','test1',33.12),(4,2,'test1','test1','test1','test1','test1',33.12),(5,2,'test1','test1','test1','test1','test1',3),(8,2,'test1','test1','ABOBA','test1','test1',3),(9,2,'River','Find the river on map','test1','test1','test1',3),(12,6,'Brain','Select brain tumor','Medicine','test1','test1',3);
/*!40000 ALTER TABLE `tasks` ENABLE KEYS */;
UNLOCK TABLES;

--
-- Table structure for table `users`
--

DROP TABLE IF EXISTS `users`;
/*!40101 SET @saved_cs_client     = @@character_set_client */;
/*!50503 SET character_set_client = utf8mb4 */;
CREATE TABLE `users` (
  `user_id` int NOT NULL AUTO_INCREMENT,
  `firstname` varchar(45) NOT NULL,
  `lastname` varchar(45) NOT NULL,
  `email` varchar(45) NOT NULL,
  `password` varchar(200) NOT NULL,
  PRIMARY KEY (`user_id`),
  UNIQUE KEY `email_UNIQUE` (`email`)
) ENGINE=InnoDB AUTO_INCREMENT=7 DEFAULT CHARSET=utf8mb4 COLLATE=utf8mb4_0900_ai_ci;
/*!40101 SET character_set_client = @saved_cs_client */;

--
-- Dumping data for table `users`
--

LOCK TABLES `users` WRITE;
/*!40000 ALTER TABLE `users` DISABLE KEYS */;
INSERT INTO `users` VALUES (2,'Ilya','Tsygankov','test@test.com','$2a$04$Fx/SX9.BAvtPlMyIIqqFx.hLY2Xp8nnhpzvEEVINvVpwIPbA3v/.i'),(4,'ABOBA','TEST','TEST@TEST.TEST','$2a$04$Fx/SX9.BAvtPlMyIIqqFx.hLY2Xp8nnhpzvEEVINvVpwIPbA3v/.i'),(5,'Roman','Hog','romanhog@gmail.com','$2a$10$TLqteqTqCSuqlNz7xZkb6exOkGVdLgVPcGpXMHApnEO8lofWeFI7S'),(6,'John','Magly','johnmagly@gmail.com','$2a$10$rzlHd2f1wyjlkiKm7I2a3OocRnz4UnhS3eVrcRlhYmOavCKmqFs4q');
/*!40000 ALTER TABLE `users` ENABLE KEYS */;
UNLOCK TABLES;

--
-- Table structure for table `users_roles`
--

DROP TABLE IF EXISTS `users_roles`;
/*!40101 SET @saved_cs_client     = @@character_set_client */;
/*!50503 SET character_set_client = utf8mb4 */;
CREATE TABLE `users_roles` (
  `user_id` int NOT NULL,
  `role_id` int NOT NULL,
  PRIMARY KEY (`user_id`,`role_id`),
  KEY `role_id_idx` (`role_id`),
  CONSTRAINT `role_id` FOREIGN KEY (`role_id`) REFERENCES `roles` (`role_id`) ON DELETE CASCADE ON UPDATE CASCADE,
  CONSTRAINT `user_id` FOREIGN KEY (`user_id`) REFERENCES `users` (`user_id`) ON DELETE CASCADE ON UPDATE CASCADE
) ENGINE=InnoDB DEFAULT CHARSET=utf8mb4 COLLATE=utf8mb4_0900_ai_ci;
/*!40101 SET character_set_client = @saved_cs_client */;

--
-- Dumping data for table `users_roles`
--

LOCK TABLES `users_roles` WRITE;
/*!40000 ALTER TABLE `users_roles` DISABLE KEYS */;
INSERT INTO `users_roles` VALUES (4,1),(5,1),(6,1),(2,2);
/*!40000 ALTER TABLE `users_roles` ENABLE KEYS */;
UNLOCK TABLES;
/*!40103 SET TIME_ZONE=@OLD_TIME_ZONE */;

/*!40101 SET SQL_MODE=@OLD_SQL_MODE */;
/*!40014 SET FOREIGN_KEY_CHECKS=@OLD_FOREIGN_KEY_CHECKS */;
/*!40014 SET UNIQUE_CHECKS=@OLD_UNIQUE_CHECKS */;
/*!40101 SET CHARACTER_SET_CLIENT=@OLD_CHARACTER_SET_CLIENT */;
/*!40101 SET CHARACTER_SET_RESULTS=@OLD_CHARACTER_SET_RESULTS */;
/*!40101 SET COLLATION_CONNECTION=@OLD_COLLATION_CONNECTION */;
/*!40111 SET SQL_NOTES=@OLD_SQL_NOTES */;

-- Dump completed on 2023-08-17 17:00:00
